<step title="BackgroundTrace" date="2025-04-05T18:04:15.748" instance="30dd7a" url="/api/zipdeploy" method="POST" >
  <step title="Cleanup Xml Logs" date="2025-04-05T18:04:15.757" /><!-- duration: 12ms -->
  <step title="Creating temporary deployment - FetchDeploymentManager" date="2025-04-05T18:04:15.987" /><!-- duration: 12ms -->
  <step title="Creating temporary deployment" date="2025-04-05T18:04:16.017" /><!-- duration: 102ms -->
  <step title="Performing fetch based deployment" date="2025-04-05T18:04:16.300" >
    <step title="Cleaning up temp folders from previous zip deployments and extracting pushed zip file /tmp/zipdeploy/9f899f71-dbf3-4c80-bbec-a33c3ca8c087.zip (22.00 MB) to /tmp/zipdeploy/extracted" date="2025-04-05T18:04:17.576" >
      <step title="ChmodRecursive Process exited with total time taken in ms: 231" date="2025-04-05T18:04:19.983" /><!-- duration: 27ms -->
    </step><!-- duration: 2440ms -->
    <step title="Deployment timer started" date="2025-04-05T18:04:22.040" >
      <step title="DeploymentManager.Deploy(id:f7d4b26c-110d-4762-8f56-d43f646400ef)" date="2025-04-05T18:04:22.054" >
        <step title="Collecting changeset information" date="2025-04-05T18:04:22.124" /><!-- duration: 154ms -->
        <step title="Updating submodules" date="2025-04-05T18:04:22.296" /><!-- duration: 1161ms -->
        <step title="Determining deployment builder" date="2025-04-05T18:04:23.608" >
          <step title="Builder is BasicBuilder" date="2025-04-05T18:04:23.640" /><!-- duration: 3ms -->
        </step><!-- duration: 41ms -->
        <step title="PreDeployment: context.CleanOutputPath False" date="2025-04-05T18:04:23.703" >
          <step title="PreDeployment: context.OutputPath /home/site/wwwroot" date="2025-04-05T18:04:23.773" >
            <step title="Building" date="2025-04-05T18:04:23.874" >
              <step title="Generating deployment script" date="2025-04-05T18:04:23.947" >
                <step title="Executing external process" date="2025-04-05T18:04:24.024" type="process" path="starter.sh" arguments="&quot;/opt/Kudu/node_modules/.bin/kuduscript&quot; -y --no-dot-deployment -r &quot;/tmp/zipdeploy/extracted&quot; -o &quot;/home/site/deployments/tools&quot; --basic --sitePath &quot;/tmp/zipdeploy/extracted&quot;" /><!-- duration: 1246ms -->
                <step title="Saved cached version of the deployment script for command -y --no-dot-deployment -r &quot;/tmp/zipdeploy/extracted&quot; -o &quot;/home/site/deployments/tools&quot; --basic --sitePath &quot;/tmp/zipdeploy/extracted&quot;" date="2025-04-05T18:04:25.568" /><!-- duration: 13ms -->
              </step><!-- duration: 1672ms -->
              <step title="Executing external process" date="2025-04-05T18:04:25.830" type="process" path="starter.sh" arguments="&quot;/home/site/deployments/tools/deploy.sh&quot;" /><!-- duration: 6460ms -->
              <step title="Triggering recycle (preview mode disabled)." date="2025-04-05T18:04:32.441" /><!-- duration: 3ms -->
              <step title="Modified file to trigger a restart of the app container." date="2025-04-05T18:04:32.474" /><!-- duration: 7ms -->
              <step title="Skip function trigger and logicapp sync because function is not enabled." date="2025-04-05T18:04:32.494" /><!-- duration: 9ms -->
            </step><!-- duration: 9122ms -->
          </step><!-- duration: 9225ms -->
          <step title="Cleaning up temp files" date="2025-04-05T18:04:33.001" /><!-- duration: 9ms -->
          <step title="Cleaning up temp files" date="2025-04-05T18:04:33.019" /><!-- duration: 522ms -->
          <step title="Reloading status file with latest updates" date="2025-04-05T18:04:33.562" >
            <step title="WebHooksManager.PublishEventAsync: PostDeployment" date="2025-04-05T18:04:33.576" /><!-- duration: 103ms -->
          </step><!-- duration: 118ms -->
          <step title="Cleaning up temporary deployment - fetch deployment was successful" date="2025-04-05T18:04:33.684" /><!-- duration: 2ms -->
        </step><!-- duration: 10041ms -->
      </step><!-- duration: 11702ms -->
