<step title="Incoming Request" date="2025-04-05T16:41:07.011" instance="30dd7a" url="/api/publish?type=zip" method="POST" type="request" pid="823,1,7" Accept="*/*" Host="bookstoremcdougalbackend.scm.azurewebsites.net" User-Agent="AZURECLI/2.71.0 (HOMEBREW)" Accept-Encoding="gzip, deflate" Authorization="Bas..." Cache-Control="no-cache" Content-Type="application/octet-stream" Content-Length="23056802" x-ms-client-request-id="ae722722-123c-11f0-a8db-f6ac1aca29e1" x-ms-artifact-checksum="3d2ed4434db6e0238e453685bebb7f449118402d3c78955c292842c446dcf89b" X-ARR-LOG-ID="ae722722-123c-11f0-a8db-f6ac1aca29e1" CLIENT-IP="97.138.102.95:54230" X-SITE-DEPLOYMENT-ID="BookstoreMcDougalBackend" WAS-DEFAULT-HOSTNAME="bookstoremcdougalbackend.scm.azurewebsites.net" X-Forwarded-Proto="https" X-AppService-Proto="https" X-Forwarded-TlsVersion="1.3" X-WAWS-Unencoded-URL="/api/publish?type=zip" X-Client-IP="97.138.102.95" X-Client-Port="54230" >
  <step title="OneDeploy" date="2025-04-05T16:41:10.471" >
    <step title="None repository commit" date="2025-04-05T16:41:10.572" >
      <step title="Commit id: 996063b2-e029-4de9-bbce-7ed3aace1041" date="2025-04-05T16:41:10.602" Message="N/A" AuthorName="N/A" AuthorEmail="N/A" /><!-- duration: 9ms -->
    </step><!-- duration: 42ms -->
    <step title="Starting PushDeployAsync" date="2025-04-05T16:41:10.623" /><!-- duration: 9ms -->
    <step title="Writing artifact to /tmp/zipdeploy/6d932de6-eca2-45eb-b968-c0d233aadf5b.zip" date="2025-04-05T16:41:10.693" >
      <step title="Writing multipart request body to /tmp/zipdeploy/6d932de6-eca2-45eb-b968-c0d233aadf5b.zip" date="2025-04-05T16:41:10.703" /><!-- duration: 9ms -->
    </step><!-- duration: 3242ms -->
    <step title="Attempting to fetch target branch HEAD" date="2025-04-05T16:41:14.017" /><!-- duration: 2ms -->
    <step title="Acquiring Deployment Lock" date="2025-04-05T16:41:14.022" /><!-- duration: 2ms -->
    <step title="Acquired Deployment Lock" date="2025-04-05T16:41:14.195" /><!-- duration: 10ms -->
    <step title="Performing fetch based deployment" date="2025-04-05T16:41:14.237" >
      <step title="Creating temporary deployment" date="2025-04-05T16:41:14.247" /><!-- duration: 200ms -->
      <step title="Releasing Deployment Lock" date="2025-04-05T16:41:15.622" /><!-- duration: 5ms -->
      <step title="Cleaning up temp folders from previous zip deployments and extracting pushed zip file /tmp/zipdeploy/6d932de6-eca2-45eb-b968-c0d233aadf5b.zip (21.99 MB) to /tmp/zipdeploy/extracted" date="2025-04-05T16:41:15.672" >
        <step title="ChmodRecursive Process exited with total time taken in ms: 122" date="2025-04-05T16:41:17.234" /><!-- duration: 11ms -->
      </step><!-- duration: 1579ms -->
      <step title="None repository commit" date="2025-04-05T16:41:17.253" >
        <step title="Commit id: 996063b2-e029-4de9-bbce-7ed3aace1041" date="2025-04-05T16:41:17.262" Message="OneDeploy" AuthorName="N/A" AuthorEmail="N/A" /><!-- duration: 2ms -->
      </step><!-- duration: 27ms -->
      <step title="Deployment timer started" date="2025-04-05T16:41:19.288" >
        <step title="DeploymentManager.Deploy(id:996063b2-e029-4de9-bbce-7ed3aace1041)" date="2025-04-05T16:41:19.295" >
          <step title="Collecting changeset information" date="2025-04-05T16:41:19.323" /><!-- duration: 67ms -->
          <step title="Updating submodules" date="2025-04-05T16:41:19.394" /><!-- duration: 1141ms -->
          <step title="Determining deployment builder" date="2025-04-05T16:41:20.679" >
            <step title="Builder is OneDeployBuilder" date="2025-04-05T16:41:20.705" /><!-- duration: 2ms -->
          </step><!-- duration: 31ms -->
          <step title="PreDeployment: context.CleanOutputPath False" date="2025-04-05T16:41:20.734" >
            <step title="PreDeployment: context.OutputPath /home/site/wwwroot" date="2025-04-05T16:41:20.799" >
              <step title="Building" date="2025-04-05T16:41:21.017" >
                <step title="Modified file to trigger a restart of the app container." date="2025-04-05T16:41:32.783" /><!-- duration: 4ms -->
                <step title="Skip function trigger and logicapp sync because function is not enabled." date="2025-04-05T16:41:32.792" /><!-- duration: 7ms -->
              </step><!-- duration: 12257ms -->
            </step><!-- duration: 12478ms -->
            <step title="Cleaning up temp files" date="2025-04-05T16:41:33.279" /><!-- duration: 7ms -->
            <step title="Cleaning up temp files" date="2025-04-05T16:41:33.288" /><!-- duration: 519ms -->
            <step title="Reloading status file with latest updates" date="2025-04-05T16:41:33.835" >
              <step title="WebHooksManager.PublishEventAsync: PostDeployment" date="2025-04-05T16:41:33.841" /><!-- duration: 102ms -->
            </step><!-- duration: 110ms -->
            <step title="Cleaning up temporary deployment - fetch deployment was successful" date="2025-04-05T16:41:33.949" /><!-- duration: 2ms -->
          </step><!-- duration: 13264ms -->
        </step><!-- duration: 14707ms -->
        <step title="Outgoing response" date="2025-04-05T16:41:34.045" type="response" statusCode="200" statusText="OK" /><!-- duration: 3ms -->
      </step><!-- duration: 14761ms -->
