<step title="Incoming Request" date="2025-04-05T18:04:24.646" instance="30dd7a" url="/api/deployments/latest" method="GET" type="request" pid="823,1,46" Accept="*/*" Host="bookstoremcdougalbackend.scm.azurewebsites.net" User-Agent="AZURECLI/2.71.0 (HOMEBREW)" Accept-Encoding="gzip, deflate" Authorization="Bas..." x-ms-client-request-id="578ca296-1248-11f0-8877-f6ac1aca29e1" X-ARR-LOG-ID="578ca296-1248-11f0-8877-f6ac1aca29e1" CLIENT-IP="97.138.102.95:57805" X-SITE-DEPLOYMENT-ID="BookstoreMcDougalBackend" WAS-DEFAULT-HOSTNAME="bookstoremcdougalbackend.scm.azurewebsites.net" X-Forwarded-Proto="https" X-AppService-Proto="https" X-Forwarded-TlsVersion="1.3" X-WAWS-Unencoded-URL="/api/deployments/latest" X-Client-IP="97.138.102.95" X-Client-Port="57805" >
  <step title="Cleanup Xml Logs" date="2025-04-05T18:04:24.656" /><!-- duration: 21ms -->
  <step title="DeploymentService.GetResult" date="2025-04-05T18:04:24.766" >
    <step title="DeploymentService.GetLatestDeployment" date="2025-04-05T18:04:24.776" >
      <step title="DeploymentManager.GetResults" date="2025-04-05T18:04:24.798" /><!-- duration: 591ms -->
      <step title="Deployment f7d4b26c-110d-4762-8f56-d43f646400ef is Building" date="2025-04-05T18:04:25.398" /><!-- duration: 10ms -->
    </step><!-- duration: 641ms -->
  </step><!-- duration: 661ms -->
  <step title="Outgoing response" date="2025-04-05T18:04:25.469" type="response" statusCode="202" statusText="Accepted" /><!-- duration: 11ms -->
</step><!-- duration: 844ms -->
