<step title="Incoming Request" date="2025-04-05T18:04:04.440" instance="30dd7a" url="/api/zipdeploy?isAsync=true" method="POST" type="request" pid="823,1,42" Accept="*/*" Host="bookstoremcdougalbackend.scm.azurewebsites.net" User-Agent="AZURECLI/2.71.0 (HOMEBREW)" Accept-Encoding="gzip, deflate" Authorization="Bas..." Cache-Control="no-cache" Content-Type="application/octet-stream" Cookie="ARRAffinity=30dd7adf229b6ad0c4f628450bf6c9400dd80952216a34d56ef9cb433e99117e; ARRAffinitySameSite=30dd7adf229b6ad0c4f628450bf6c9400dd80952216a34d56ef9cb433e99117e" Content-Length="23066023" x-ms-client-request-id="578ca296-1248-11f0-8877-f6ac1aca29e1" x-ms-artifact-checksum="78b8d1cecaef34dbbee10b8387f3126bbdb59409dd59335e25f87ba289d2d44a" X-ARR-LOG-ID="578ca296-1248-11f0-8877-f6ac1aca29e1" CLIENT-IP="97.138.102.95:57784" X-SITE-DEPLOYMENT-ID="BookstoreMcDougalBackend" WAS-DEFAULT-HOSTNAME="bookstoremcdougalbackend.scm.azurewebsites.net" X-Forwarded-Proto="https" X-AppService-Proto="https" X-Forwarded-TlsVersion="1.3" X-WAWS-Unencoded-URL="/api/zipdeploy?isAsync=true" X-Client-IP="97.138.102.95" X-Client-Port="57784" >
  <step title="ZipPushDeploy" date="2025-04-05T18:04:04.515" >
    <step title="ZipDeploy. Extract zip." date="2025-04-05T18:04:04.522" /><!-- duration: 2ms -->
    <step title="Starting PushDeployAsync" date="2025-04-05T18:04:04.528" /><!-- duration: 5ms -->
    <step title="Writing artifact to /tmp/zipdeploy/9f899f71-dbf3-4c80-bbec-a33c3ca8c087.zip" date="2025-04-05T18:04:04.575" >
      <step title="Writing multipart request body to /tmp/zipdeploy/9f899f71-dbf3-4c80-bbec-a33c3ca8c087.zip" date="2025-04-05T18:04:04.578" /><!-- duration: 2ms -->
    </step><!-- duration: 11062ms -->
    <step title="Start deployment in the background" date="2025-04-05T18:04:15.697" >
      <step title="Acquiring Deployment Lock" date="2025-04-05T18:04:15.869" /><!-- duration: 9ms -->
      <step title="Acquired Deployment Lock" date="2025-04-05T18:04:15.970" /><!-- duration: 9ms -->
    </step><!-- duration: 433ms -->
  </step><!-- duration: 11705ms -->
  <step title="Outgoing response" date="2025-04-05T18:04:16.230" type="response" statusCode="202" statusText="Accepted" /><!-- duration: 11ms -->
</step><!-- duration: 11810ms -->
