﻿<?xml version="1.0" encoding="utf-8"?>
<deployment>
  <id>996063b2-e029-4de9-bbce-7ed3aace1041</id>
  <author>N/A</author>
  <deployer>OneDeploy</deployer>
  <authorEmail>N/A</authorEmail>
  <message>OneDeploy</message>
  <progress></progress>
  <status>Success</status>
  <statusText></statusText>
  <lastSuccessEndTime>2025-04-05T16:41:33.1065644Z</lastSuccessEndTime>
  <receivedTime>2025-04-05T16:41:19.3584188Z</receivedTime>
  <startTime>2025-04-05T16:41:20.6445462Z</startTime>
  <endTime>2025-04-05T16:41:33.1065644Z</endTime>
  <complete>True</complete>
  <is_temp>False</is_temp>
  <is_readonly>True</is_readonly>
  <buildSummary />
</deployment>