﻿<?xml version="1.0" encoding="utf-8"?>
<deployment>
  <id>f7d4b26c-110d-4762-8f56-d43f646400ef</id>
  <author>N/A</author>
  <deployer>Push-Deployer</deployer>
  <authorEmail>N/A</authorEmail>
  <message>Created via a push deployment</message>
  <progress></progress>
  <status>Success</status>
  <statusText></statusText>
  <lastSuccessEndTime>2025-04-05T18:04:32.8194489Z</lastSuccessEndTime>
  <receivedTime>2025-04-05T18:04:22.2164072Z</receivedTime>
  <startTime>2025-04-05T18:04:23.5591847Z</startTime>
  <endTime>2025-04-05T18:04:32.8194489Z</endTime>
  <complete>True</complete>
  <is_temp>False</is_temp>
  <is_readonly>True</is_readonly>
  <buildSummary />
</deployment>